text,career
"python machine learning ai data science statistics pandas numpy","Data Scientist"
"python deep learning neural networks tensorflow keras ai","AI Engineer"
"java c++ dsa algorithms problem solving software development","Software Developer"
"html css javascript frontend web design react","Web Developer"
"android kotlin java mobile app development ui","App Developer"
"data analysis excel python visualization statistics","Data Analyst"
"cyber security ethical hacking penetration testing networking","Cyber Security Analyst"
"cloud aws azure devops docker kubernetes","Cloud Engineer"
"sql mysql database management oracle queries","Database Administrator"
"ui ux design figma adobe creativity design thinking","UI/UX Designer"
"leadership management teamwork planning communication","Project Manager"
"networking routing switching protocols ccna","Network Engineer"

"python ai data science machine learning pandas","Data Scientist"
"python ai deep learning cnn rnn","AI Engineer"
"java spring boot backend api development","Software Developer"
"html css javascript react frontend developer","Web Developer"
"flutter dart mobile app development android ios","App Developer"
"excel powerbi data analysis visualization","Data Analyst"
"cyber security network security firewall ethical hacking","Cyber Security Analyst"
"aws cloud computing devops ci cd","Cloud Engineer"
"database sql queries normalization dbms","Database Administrator"
"ui ux figma prototyping user research","UI/UX Designer"
"teamwork leadership project planning management","Project Manager"
"network engineer routing switching tcp ip","Network Engineer"

"python data science ai ml statistics","Data Scientist"
"deep learning ai tensorflow keras python","AI Engineer"
"c++ java software engineering coding dsa","Software Developer"
"frontend html css js react web","Web Developer"
"android app kotlin java mobile","App Developer"
"python excel analytics data cleaning","Data Analyst"
"ethical hacking cyber security tools kali linux","Cyber Security Analyst"
"azure cloud devops deployment docker","Cloud Engineer"
"mysql oracle database administration","Database Administrator"
"ui ux design figma wireframe prototyping","UI/UX Designer"
"leadership communication management planning","Project Manager"
"networking osi model tcp ip routing","Network Engineer"

"python pandas numpy machine learning ai","Data Scientist"
"ai deep learning nlp computer vision","AI Engineer"
"java backend api development spring","Software Developer"
"html css js bootstrap web design","Web Developer"
"mobile app flutter react native","App Developer"
"data analytics visualization powerbi excel","Data Analyst"
"cyber security hacking network defense","Cyber Security Analyst"
"cloud aws devops docker deployment","Cloud Engineer"
"database sql dbms normalization queries","Database Administrator"
"design ui ux figma creative","UI/UX Designer"
"management leadership teamwork planning","Project Manager"
"network routing switching ccna protocols","Network Engineer"

"python ml ai data science statistics pandas","Data Scientist"
"ai neural networks deep learning python","AI Engineer"
"c++ java dsa problem solving coding","Software Developer"
"html css javascript react frontend","Web Developer"
"android kotlin mobile app ui development","App Developer"
"excel python data analysis statistics","Data Analyst"
"cyber security ethical hacking kali tools","Cyber Security Analyst"
"cloud aws azure docker kubernetes","Cloud Engineer"
"database mysql sql queries dbms","Database Administrator"
"ui ux design figma creativity prototyping","UI/UX Designer"
"leadership teamwork communication management","Project Manager"
"networking routing switching protocols tcp ip","Network Engineer"

"python ai ml pandas numpy data science","Data Scientist"
"deep learning tensorflow keras ai","AI Engineer"
"java spring boot api backend development","Software Developer"
"web html css js react frontend","Web Developer"
"flutter mobile app android ios","App Developer"
"data analysis excel visualization python","Data Analyst"
"cyber security penetration testing network security","Cyber Security Analyst"
"cloud computing aws devops deployment","Cloud Engineer"
"database sql mysql oracle queries","Database Administrator"
"ui ux figma adobe design","UI/UX Designer"
"project management leadership planning teamwork","Project Manager"
"network engineering routing switching ccna","Network Engineer"

"python statistics machine learning ai data","Data Scientist"
"ai nlp deep learning python","AI Engineer"
"software development java c++ dsa","Software Developer"
"frontend web html css js","Web Developer"
"mobile app development kotlin flutter","App Developer"
"data analytics excel powerbi python","Data Analyst"
"cyber security hacking tools kali linux","Cyber Security Analyst"
"cloud aws azure devops docker","Cloud Engineer"
"database sql queries dbms normalization","Database Administrator"
"ui ux design figma prototyping","UI/UX Designer"
"leadership management teamwork planning","Project Manager"
"network tcp ip routing switching","Network Engineer"

"python ml ai data science numpy pandas","Data Scientist"
"deep learning neural networks ai","AI Engineer"
"java backend spring boot development","Software Developer"
"web frontend react html css js","Web Developer"
"android mobile app kotlin ui","App Developer"
"data visualization analytics excel python","Data Analyst"
"cyber security ethical hacking network","Cyber Security Analyst"
"cloud devops aws deployment docker","Cloud Engineer"
"database mysql sql dbms","Database Administrator"
"ui ux design figma adobe","UI/UX Designer"
"management leadership communication teamwork","Project Manager"
"networking ccna routing switching protocols","Network Engineer"